customerID,gender,SeniorCitizen,tenure,PhoneService,InternetService,MonthlyCharges,TotalCharges,Churn
CUST00001,Female,0,0,No,Fiber optic,91.74,,Yes
CUST00002,Female,0,2,No,DSL,71.48,136.04,Yes
CUST00003,Male,0,0,No,Fiber optic,65.27,,Yes
CUST00004,Male,0,53,Yes,No,48.26,2075.51,No
CUST00005,Male,0,41,No,No,38.79,1563.96,No
CUST00006,Male,1,24,Yes,Fiber optic,94.48,2120.41,No
CUST00007,Female,1,60,No,DSL,92.34,5023.08,Yes
CUST00008,Female,0,3,No,DSL,103.72,328.65,Yes
CUST00009,Male,0,1,No,No,60.04,66.38,No
CUST00010,Female,0,27,Yes,DSL,98.51,2687.82,No
CUST00011,Male,0,8,No,DSL,70.63,577.57,Yes
CUST00012,Male,1,72,Yes,Fiber optic,42.36,3710.61,No
CUST00013,Male,1,18,Yes,DSL,83.77,1450.38,Yes
CUST00014,Male,0,50,No,DSL,40.95,2002.89,No
CUST00015,Female,0,44,Yes,Fiber optic,58.06,2144.0,Yes
CUST00016,Male,0,71,Yes,Fiber optic,97.64,6800.46,No
CUST00017,Female,0,8,No,No,60.42,547.38,No
CUST00018,Male,0,67,No,DSL,75.74,4716.23,No
CUST00019,Female,0,7,Yes,Fiber optic,83.44,531.96,No
CUST00020,Male,0,54,No,DSL,35.82,1475.05,No
CUST00021,Female,0,44,Yes,No,58.19,2290.91,No
CUST00022,Male,0,29,Yes,Fiber optic,59.83,1652.13,Yes
CUST00023,Female,0,33,No,Fiber optic,24.09,655.53,No
CUST00024,Female,1,7,Yes,Fiber optic,62.67,421.05,Yes
CUST00025,Male,0,21,Yes,Fiber optic,86.38,2022.11,No
CUST00026,Female,1,66,No,Fiber optic,76.1,4911.5,No
CUST00027,Male,0,24,Yes,Fiber optic,40.41,1135.02,Yes
CUST00028,Male,1,19,No,Fiber optic,29.22,633.11,No
CUST00029,Female,0,37,No,Fiber optic,37.11,1443.82,No
CUST00030,Male,0,8,Yes,Fiber optic,81.46,726.52,No
CUST00031,Male,0,6,No,Fiber optic,97.12,639.1,No
CUST00032,Female,0,12,No,Fiber optic,75.74,810.33,No
CUST00033,Female,0,61,No,DSL,40.97,2278.6,No
CUST00034,Male,0,65,Yes,DSL,41.4,3244.79,No
CUST00035,Female,1,11,No,Fiber optic,91.9,1025.26,No
CUST00036,Female,0,0,Yes,DSL,104.23,,No
CUST00037,Female,0,11,Yes,No,97.84,1001.98,No
CUST00038,Female,0,8,Yes,Fiber optic,82.79,,Yes
CUST00039,Female,0,21,Yes,Fiber optic,98.0,2164.28,No
CUST00040,Female,0,10,No,DSL,75.65,761.76,No
CUST00041,Male,0,51,Yes,DSL,69.34,3243.12,No
CUST00042,Male,1,8,No,DSL,72.93,663.19,No
CUST00043,Male,0,58,Yes,Fiber optic,39.68,2407.35,No
CUST00044,Male,0,53,Yes,Fiber optic,66.64,3759.42,No
CUST00045,Male,0,11,No,No,79.64,768.7,No
CUST00046,Female,1,8,No,DSL,83.25,711.59,Yes
CUST00047,Female,0,4,Yes,DSL,73.93,,No
CUST00048,Female,0,22,No,Fiber optic,57.66,1306.68,No
CUST00049,Female,1,37,No,DSL,49.13,1722.14,Yes
CUST00050,Male,0,0,No,No,96.14,,Yes
CUST00051,Female,0,11,No,Fiber optic,69.88,812.92,No
CUST00052,Male,0,1,Yes,Fiber optic,60.46,64.84,No
CUST00053,Female,1,34,No,DSL,87.55,2995.5,No
CUST00054,Male,1,11,Yes,DSL,102.2,1164.05,No
CUST00055,Male,0,51,No,Fiber optic,84.25,3788.45,Yes
CUST00056,Female,0,31,No,DSL,81.67,,No
CUST00057,Female,0,10,No,Fiber optic,106.02,1024.69,Yes
CUST00058,Male,0,40,Yes,DSL,93.56,3393.66,No
CUST00059,Female,1,17,Yes,DSL,72.35,1098.26,No
CUST00060,Female,0,11,Yes,No,64.34,814.81,No
CUST00061,Female,0,0,Yes,No,91.08,,Yes
CUST00062,Male,0,1,No,No,75.34,81.85,No
CUST00063,Female,0,47,Yes,DSL,92.06,3874.33,No
CUST00064,Male,0,59,Yes,DSL,66.72,3798.85,No
CUST00065,Female,0,47,Yes,DSL,55.47,2861.67,No
CUST00066,Female,0,8,No,Fiber optic,71.84,642.71,No
CUST00067,Male,0,47,Yes,No,40.47,2058.08,No
CUST00068,Female,0,10,Yes,DSL,94.99,910.97,No
CUST00069,Male,0,68,No,DSL,91.59,6599.27,No
CUST00070,Female,0,8,Yes,Fiber optic,87.4,773.62,No
CUST00071,Male,0,71,No,Fiber optic,87.03,6665.86,Yes
CUST00072,Male,0,12,No,Fiber optic,86.05,1007.72,No
CUST00073,Female,0,9,Yes,No,77.64,778.08,Yes
CUST00074,Male,0,6,Yes,No,64.82,,No
CUST00075,Female,0,3,No,Fiber optic,83.12,220.52,Yes
CUST00076,Male,0,9,No,DSL,90.84,877.29,Yes
CUST00077,Male,0,8,No,No,77.8,589.35,No
CUST00078,Female,0,21,Yes,Fiber optic,41.36,874.95,No
CUST00079,Female,0,8,No,DSL,93.38,749.45,Yes
CUST00080,Male,0,6,Yes,Fiber optic,105.99,671.03,Yes
CUST00081,Male,0,2,Yes,DSL,78.87,163.39,No
CUST00082,Female,0,31,No,Fiber optic,96.14,2760.62,No
CUST00083,Female,1,7,Yes,DSL,78.69,586.36,Yes
CUST00084,Female,0,52,No,No,94.35,5072.8,No
CUST00085,Male,1,47,No,DSL,74.73,3667.96,No
CUST00086,Male,0,8,Yes,Fiber optic,105.31,889.78,Yes
CUST00087,Female,0,71,No,DSL,68.79,4348.61,No
CUST00088,Female,0,14,Yes,No,98.24,1360.38,No
CUST00089,Female,0,22,Yes,DSL,74.43,1692.46,No
CUST00090,Male,0,10,Yes,Fiber optic,89.74,843.15,No
CUST00091,Male,1,62,Yes,Fiber optic,78.85,5405.39,No
CUST00092,Female,0,6,Yes,DSL,106.29,613.76,No
CUST00093,Female,0,64,No,DSL,62.87,3891.43,No
CUST00094,Female,0,8,Yes,No,91.91,748.43,Yes
CUST00095,Female,0,11,No,DSL,69.21,826.74,No
CUST00096,Female,0,4,No,Fiber optic,88.52,386.98,No
CUST00097,Male,0,25,Yes,Fiber optic,27.52,640.45,Yes
CUST00098,Female,0,35,No,Fiber optic,37.88,1391.15,No
CUST00099,Male,0,9,No,Fiber optic,95.95,927.18,Yes
CUST00100,Male,0,4,Yes,Fiber optic,74.08,276.89,No
CUST00101,Female,0,41,No,Fiber optic,49.73,2108.77,Yes
CUST00102,Male,1,34,Yes,No,23.83,659.62,No
CUST00103,Female,0,4,No,DSL,95.52,346.48,Yes
CUST00104,Male,1,33,Yes,Fiber optic,62.66,2043.83,Yes
CUST00105,Male,1,34,Yes,DSL,70.15,2594.52,No
CUST00106,Female,1,50,Yes,Fiber optic,46.03,2558.4,Yes
CUST00107,Female,0,47,Yes,DSL,92.54,3931.28,No
CUST00108,Female,0,20,Yes,Fiber optic,59.4,1359.94,No
CUST00109,Male,0,28,Yes,DSL,40.95,936.97,No
CUST00110,Female,0,2,Yes,No,82.02,178.6,No
CUST00111,Female,0,59,No,Fiber optic,64.67,4380.42,Yes
CUST00112,Female,0,63,Yes,DSL,84.56,5544.3,No
CUST00113,Female,0,2,No,Fiber optic,85.5,152.56,No
CUST00114,Female,0,11,No,No,105.55,1076.49,No
CUST00115,Male,0,29,Yes,No,49.63,1326.96,No
CUST00116,Female,0,11,No,Fiber optic,69.41,668.75,Yes
CUST00117,Male,0,8,Yes,Fiber optic,86.47,694.35,No
CUST00118,Female,1,9,Yes,No,100.32,919.4,No
CUST00119,Female,0,44,Yes,DSL,36.88,1787.16,No
CUST00120,Female,0,43,No,Fiber optic,90.78,3915.69,No
CUST00121,Female,0,10,Yes,DSL,94.69,977.54,Yes
CUST00122,Male,0,34,Yes,DSL,73.92,2352.7,No
CUST00123,Female,0,18,No,Fiber optic,24.74,314.7,No
CUST00124,Male,0,3,No,DSL,77.1,231.81,Yes
CUST00125,Female,0,27,Yes,DSL,32.63,731.75,No
CUST00126,Male,0,3,Yes,DSL,64.46,216.33,No
CUST00127,Male,1,37,Yes,DSL,74.31,2401.63,No
CUST00128,Male,0,35,No,Fiber optic,58.36,2026.37,No
CUST00129,Male,1,15,No,Fiber optic,49.88,837.89,Yes
CUST00130,Female,0,60,No,Fiber optic,50.4,2609.79,No
CUST00131,Female,0,37,No,No,63.55,2456.84,No
CUST00132,Female,0,5,No,Fiber optic,74.37,418.24,No
CUST00133,Male,0,35,No,No,82.76,3084.81,No
CUST00134,Male,0,48,Yes,DSL,51.22,2536.42,No
CUST00135,Male,0,48,No,No,34.29,1818.62,No
CUST00136,Male,0,2,No,No,66.08,130.14,No
CUST00137,Male,0,4,No,No,87.9,324.88,Yes
CUST00138,Female,0,0,No,Fiber optic,79.27,,No
CUST00139,Female,0,51,Yes,DSL,20.28,1495.28,No
CUST00140,Female,0,71,No,No,89.88,6186.39,No
CUST00141,Female,0,40,No,DSL,84.96,3283.67,No
CUST00142,Male,0,58,Yes,DSL,55.61,3031.59,No
CUST00143,Female,0,41,Yes,Fiber optic,29.38,1301.92,Yes
CUST00144,Male,0,4,No,Fiber optic,83.04,292.38,Yes
CUST00145,Female,0,2,No,Fiber optic,71.92,142.97,No
CUST00146,Male,0,20,No,Fiber optic,47.31,943.32,No
CUST00147,Male,1,7,Yes,DSL,78.69,540.68,No
CUST00148,Female,0,1,Yes,DSL,91.97,92.74,Yes
CUST00149,Female,0,27,No,Fiber optic,42.96,1084.95,Yes
CUST00150,Male,0,54,Yes,Fiber optic,81.93,4003.14,Yes
CUST00151,Female,0,14,Yes,DSL,55.02,860.2,No
CUST00152,Female,0,35,Yes,DSL,81.79,2993.66,No
CUST00153,Male,0,6,No,DSL,83.87,491.97,No
CUST00154,Male,0,22,Yes,DSL,77.88,1855.09,No
CUST00155,Male,1,3,Yes,DSL,83.81,222.14,Yes
CUST00156,Female,0,2,Yes,Fiber optic,89.41,170.57,Yes
CUST00157,Male,0,48,No,DSL,98.25,4299.02,No
CUST00158,Female,0,6,Yes,DSL,61.3,411.73,No
CUST00159,Female,0,5,No,DSL,77.51,355.11,No
CUST00160,Female,1,60,No,Fiber optic,35.55,1900.73,No
CUST00161,Female,0,1,Yes,Fiber optic,65.15,64.47,Yes
CUST00162,Female,0,44,No,No,53.51,2778.36,No
CUST00163,Female,0,62,Yes,Fiber optic,56.26,3024.88,No
CUST00164,Female,0,6,No,DSL,104.65,633.45,Yes
CUST00165,Female,0,36,No,Fiber optic,29.29,734.27,No
CUST00166,Female,0,6,No,Fiber optic,69.23,453.54,Yes
CUST00167,Female,0,49,No,DSL,59.66,2821.94,No
CUST00168,Male,0,51,No,DSL,35.73,1764.87,No
CUST00169,Female,0,52,No,No,24.26,1026.52,No
CUST00170,Male,0,10,No,Fiber optic,103.66,999.6,No
CUST00171,Female,0,13,Yes,No,63.57,934.15,No
CUST00172,Male,0,6,No,DSL,77.86,433.72,Yes
CUST00173,Female,0,41,No,No,44.2,2142.63,No
CUST00174,Male,0,44,Yes,Fiber optic,62.84,2888.09,No
CUST00175,Female,0,36,No,DSL,59.16,1817.74,No
CUST00176,Female,0,52,Yes,No,87.99,4341.06,No
CUST00177,Female,0,5,Yes,DSL,108.57,585.08,No
CUST00178,Male,0,12,Yes,Fiber optic,80.06,1077.24,No
CUST00179,Male,0,9,No,DSL,73.54,607.27,Yes
CUST00180,Female,0,2,No,No,96.57,199.59,Yes
CUST00181,Female,0,37,Yes,DSL,38.33,1685.95,No
CUST00182,Male,0,32,Yes,No,25.7,809.69,No
CUST00183,Male,1,10,Yes,Fiber optic,75.69,724.23,No
CUST00184,Female,0,70,No,Fiber optic,28.56,2033.04,No
CUST00185,Female,1,11,Yes,No,74.35,850.53,Yes
CUST00186,Female,0,6,No,Fiber optic,84.56,453.28,No
CUST00187,Male,0,64,No,No,24.19,2186.29,No
CUST00188,Male,0,11,Yes,DSL,107.63,1192.68,No
CUST00189,Female,0,19,Yes,No,49.04,,No
CUST00190,Male,1,23,Yes,No,92.34,1992.15,No
CUST00191,Female,0,8,No,Fiber optic,60.84,427.91,Yes
CUST00192,Female,0,48,No,DSL,30.05,1058.47,No
CUST00193,Male,0,36,Yes,Fiber optic,56.05,1778.21,Yes
CUST00194,Female,0,65,No,DSL,38.89,,No
CUST00195,Male,1,31,No,DSL,29.43,1048.87,No
CUST00196,Male,0,5,No,DSL,69.0,,No
CUST00197,Female,0,63,Yes,DSL,93.03,6011.36,No
CUST00198,Female,0,66,No,Fiber optic,89.68,5555.94,Yes
CUST00199,Female,0,6,No,DSL,85.58,557.52,Yes
CUST00200,Male,0,29,Yes,DSL,91.82,2662.52,No
CUST00201,Female,0,25,Yes,No,48.23,1157.62,No
CUST00202,Female,0,24,Yes,DSL,54.29,1228.86,No
CUST00203,Female,1,40,No,Fiber optic,74.55,2910.35,Yes
CUST00204,Male,0,19,Yes,DSL,75.25,1310.49,No
CUST00205,Male,0,11,No,DSL,64.59,773.12,No
CUST00206,Female,1,50,No,Fiber optic,24.3,905.54,No
CUST00207,Female,0,4,Yes,DSL,77.72,336.34,Yes
CUST00208,Male,0,67,No,Fiber optic,38.11,1994.77,Yes
CUST00209,Male,0,1,Yes,DSL,66.25,67.8,No
CUST00210,Male,0,14,No,Fiber optic,46.62,649.65,No
CUST00211,Male,0,4,No,DSL,108.54,456.63,Yes
CUST00212,Female,0,14,No,DSL,48.47,658.77,No
CUST00213,Female,1,32,Yes,DSL,51.49,1885.03,No
CUST00214,Female,0,32,Yes,DSL,92.63,3255.37,No
CUST00215,Female,0,6,No,Fiber optic,101.89,633.48,Yes
CUST00216,Female,0,14,No,No,67.63,894.23,No
CUST00217,Female,0,63,No,No,25.61,1387.25,No
CUST00218,Male,0,44,Yes,Fiber optic,82.57,3700.91,No
CUST00219,Male,0,52,Yes,Fiber optic,29.73,2002.21,No
CUST00220,Male,0,39,No,DSL,36.72,1508.84,No
CUST00221,Male,0,25,No,Fiber optic,91.43,2501.44,No
CUST00222,Male,0,6,No,No,102.62,653.25,No
CUST00223,Male,1,0,No,Fiber optic,74.93,,No
CUST00224,Female,0,23,No,Fiber optic,83.16,1882.0,No
CUST00225,Male,1,6,No,No,65.25,427.38,No
CUST00226,Male,0,10,No,DSL,71.17,729.35,No
CUST00227,Male,0,43,Yes,Fiber optic,88.62,3858.15,No
CUST00228,Female,0,31,No,Fiber optic,33.52,1251.58,No
CUST00229,Female,1,19,Yes,Fiber optic,41.07,597.85,No
CUST00230,Male,1,33,No,Fiber optic,53.54,1878.92,Yes
CUST00231,Male,0,49,Yes,No,57.21,3163.3,No
CUST00232,Male,0,12,No,DSL,91.64,1159.43,No
CUST00233,Female,0,49,No,No,66.05,2772.34,No
CUST00234,Male,1,18,Yes,Fiber optic,78.78,1505.34,Yes
CUST00235,Male,1,66,No,Fiber optic,26.04,1654.97,No
CUST00236,Male,0,32,No,No,37.76,1013.35,No
CUST00237,Female,1,30,No,Fiber optic,24.62,940.89,Yes
CUST00238,Female,0,3,Yes,Fiber optic,65.68,223.27,Yes
CUST00239,Male,1,48,No,DSL,44.78,2390.62,Yes
CUST00240,Female,1,6,Yes,DSL,93.87,561.31,Yes
CUST00241,Male,0,12,Yes,Fiber optic,28.79,326.74,No
CUST00242,Female,0,6,Yes,DSL,83.85,495.86,Yes
CUST00243,Male,0,24,Yes,Fiber optic,33.93,864.95,No
CUST00244,Male,0,7,No,Fiber optic,101.17,667.05,Yes
CUST00245,Female,0,41,No,Fiber optic,41.31,1988.05,Yes
CUST00246,Female,0,54,No,DSL,28.47,,No
CUST00247,Male,1,9,No,Fiber optic,74.14,723.54,No
CUST00248,Male,0,54,Yes,No,25.9,1184.03,No
CUST00249,Female,0,18,No,No,75.0,1220.46,No
CUST00250,Female,0,42,No,DSL,51.0,2249.07,No
CUST00251,Female,0,61,Yes,DSL,56.1,3152.56,No
CUST00252,Female,0,71,Yes,No,87.79,6432.09,No
CUST00253,Female,0,6,No,No,83.93,481.52,Yes
CUST00254,Female,0,7,No,DSL,94.03,610.18,Yes
CUST00255,Male,0,8,No,Fiber optic,71.08,551.89,Yes
CUST00256,Male,0,10,No,Fiber optic,92.64,1014.8,Yes
CUST00257,Female,0,57,No,DSL,81.89,4270.8,No
CUST00258,Female,0,50,No,DSL,83.42,4119.86,No
CUST00259,Female,0,41,No,DSL,83.33,3298.51,No
CUST00260,Male,1,66,No,Fiber optic,88.6,5272.03,Yes
CUST00261,Female,0,39,No,Fiber optic,68.75,,No
CUST00262,Male,0,19,Yes,Fiber optic,94.61,1916.75,No
CUST00263,Female,1,5,Yes,DSL,65.53,375.52,No
CUST00264,Female,0,12,No,No,57.61,605.79,No
CUST00265,Male,1,4,Yes,DSL,61.45,255.16,No
CUST00266,Female,0,28,Yes,Fiber optic,52.34,1490.45,Yes
CUST00267,Male,0,57,Yes,DSL,21.56,684.74,No
CUST00268,Male,0,29,No,DSL,94.96,2512.84,No
CUST00269,Male,0,66,Yes,DSL,48.28,3764.08,No
CUST00270,Male,0,29,Yes,DSL,44.07,1395.01,No
CUST00271,Male,0,66,Yes,No,61.02,4063.91,No
CUST00272,Male,0,8,No,Fiber optic,90.85,805.28,Yes
CUST00273,Female,0,70,No,DSL,77.46,5625.64,No
CUST00274,Male,0,6,No,Fiber optic,60.8,412.81,Yes
CUST00275,Male,0,2,No,DSL,77.46,168.4,No
CUST00276,Female,1,17,No,DSL,43.37,720.22,No
CUST00277,Male,0,10,Yes,Fiber optic,104.14,1034.25,Yes
CUST00278,Male,0,33,Yes,DSL,42.87,1207.07,No
CUST00279,Male,0,62,No,Fiber optic,51.25,2850.05,No
CUST00280,Female,1,9,No,DSL,109.74,1039.6,No
CUST00281,Male,0,34,Yes,Fiber optic,97.62,3543.32,No
CUST00282,Female,1,41,No,Fiber optic,27.15,914.19,No
CUST00283,Male,0,5,No,DSL,75.93,426.72,No
CUST00284,Male,0,20,No,DSL,68.49,1249.73,No
CUST00285,Male,0,57,Yes,No,24.36,1552.32,No
CUST00286,Female,0,61,Yes,DSL,60.51,3404.51,No
CUST00287,Female,0,3,Yes,Fiber optic,90.83,261.43,Yes
CUST00288,Male,0,12,No,No,99.92,1304.63,No
CUST00289,Female,0,40,No,DSL,70.3,2624.59,No
CUST00290,Female,0,40,No,Fiber optic,69.06,2767.34,Yes
CUST00291,Female,0,32,Yes,DSL,63.7,2095.65,No
CUST00292,Female,0,9,Yes,No,85.73,722.94,Yes
CUST00293,Female,1,5,Yes,DSL,90.77,467.53,No
CUST00294,Female,1,38,Yes,DSL,21.24,870.08,No
CUST00295,Male,0,8,Yes,Fiber optic,87.91,709.64,Yes
CUST00296,Male,0,70,No,DSL,94.99,6591.29,No
CUST00297,Female,0,1,No,DSL,91.44,82.69,No
CUST00298,Male,0,20,No,No,66.71,1414.52,No
CUST00299,Male,0,50,Yes,No,86.36,4243.99,No
CUST00300,Female,0,27,Yes,DSL,53.41,,No
CUST00301,Female,0,7,Yes,DSL,103.89,,Yes
CUST00302,Male,0,0,No,No,70.22,,No
CUST00303,Female,0,18,Yes,Fiber optic,89.5,1448.0,No
CUST00304,Male,0,9,No,Fiber optic,83.54,801.77,Yes
CUST00305,Male,1,48,No,DSL,65.47,2805.98,No
CUST00306,Male,1,33,Yes,DSL,25.23,974.63,Yes
CUST00307,Female,0,1,No,DSL,86.7,92.99,Yes
CUST00308,Male,1,8,Yes,No,102.7,765.48,No
CUST00309,Female,0,43,No,DSL,28.96,1098.14,No
CUST00310,Female,0,0,Yes,DSL,98.44,,No
CUST00311,Female,0,10,Yes,DSL,64.51,605.03,No
CUST00312,Male,0,8,No,DSL,77.79,565.35,Yes
CUST00313,Female,1,62,No,Fiber optic,60.56,3448.55,No
CUST00314,Female,0,0,No,Fiber optic,69.98,,No
CUST00315,Male,0,10,No,DSL,100.88,1031.29,No
CUST00316,Female,0,12,No,DSL,54.33,747.39,No
CUST00317,Male,0,8,Yes,DSL,105.93,854.7,No
CUST00318,Male,0,12,Yes,Fiber optic,31.07,456.73,No
CUST00319,Male,1,66,Yes,Fiber optic,97.25,6184.1,Yes
CUST00320,Male,0,4,Yes,DSL,96.27,389.37,No
CUST00321,Female,0,1,No,No,65.2,67.55,No
CUST00322,Male,0,20,Yes,DSL,34.52,508.49,No
CUST00323,Male,0,43,No,No,82.43,3130.64,No
CUST00324,Male,1,16,Yes,No,45.76,855.0,Yes
CUST00325,Female,0,45,No,DSL,92.97,4107.97,No
CUST00326,Female,1,11,No,Fiber optic,82.07,967.1,Yes
CUST00327,Female,0,27,Yes,DSL,72.21,1731.23,No
CUST00328,Male,0,39,Yes,Fiber optic,29.31,,No
CUST00329,Female,0,23,Yes,DSL,78.83,1767.34,No
CUST00330,Male,0,27,No,Fiber optic,99.01,2573.72,No
CUST00331,Male,0,51,No,DSL,51.13,2960.51,No
CUST00332,Female,0,68,Yes,DSL,59.23,3780.37,No
CUST00333,Female,0,11,No,Fiber optic,98.16,1075.24,No
CUST00334,Male,0,35,Yes,Fiber optic,74.59,2587.06,No
CUST00335,Male,0,33,Yes,DSL,58.65,1818.43,No
CUST00336,Female,1,70,Yes,DSL,46.82,3482.96,No
CUST00337,Female,0,54,No,Fiber optic,93.51,5400.36,No
CUST00338,Male,0,3,No,Fiber optic,90.73,284.95,Yes
CUST00339,Male,0,18,No,Fiber optic,69.72,1091.98,No
CUST00340,Male,0,25,Yes,No,55.36,1568.17,No
CUST00341,Female,0,22,No,Fiber optic,87.62,2141.98,No
CUST00342,Female,0,63,Yes,No,42.42,2058.48,No
CUST00343,Female,0,16,No,DSL,46.45,640.65,No
CUST00344,Male,0,27,No,DSL,34.77,962.41,No
CUST00345,Male,0,42,Yes,DSL,49.74,2262.35,No
CUST00346,Male,0,15,No,No,31.29,557.29,No
CUST00347,Female,0,35,No,DSL,37.11,1219.84,No
CUST00348,Male,0,67,No,DSL,57.17,4064.37,No
CUST00349,Female,0,51,No,DSL,74.71,4215.05,No
CUST00350,Female,1,7,Yes,Fiber optic,70.63,477.85,Yes
CUST00351,Female,0,15,No,No,86.47,1321.77,No
CUST00352,Female,0,4,Yes,Fiber optic,78.1,313.58,Yes
CUST00353,Male,0,12,Yes,Fiber optic,71.94,804.98,No
CUST00354,Female,0,54,Yes,DSL,78.06,4141.82,No
CUST00355,Female,0,49,No,DSL,85.51,3942.84,No
CUST00356,Female,1,36,No,DSL,91.86,3008.12,No
CUST00357,Female,0,9,No,No,76.65,671.67,No
CUST00358,Female,1,28,No,Fiber optic,73.36,2225.53,Yes
CUST00359,Male,0,28,Yes,DSL,88.61,2574.56,No
CUST00360,Female,1,53,Yes,Fiber optic,59.63,2665.09,Yes
CUST00361,Male,1,67,No,DSL,97.52,6606.78,No
CUST00362,Male,0,10,No,Fiber optic,94.96,996.62,Yes
CUST00363,Male,0,36,Yes,Fiber optic,91.99,3541.44,Yes
CUST00364,Male,0,19,No,Fiber optic,73.89,1494.9,Yes
CUST00365,Male,1,9,Yes,Fiber optic,106.55,954.36,No
CUST00366,Female,0,59,Yes,Fiber optic,24.83,1458.13,Yes
CUST00367,Female,0,54,No,DSL,32.16,1780.91,No
CUST00368,Female,0,31,Yes,DSL,35.06,865.17,No
CUST00369,Male,1,20,Yes,DSL,26.63,551.48,No
CUST00370,Female,0,58,No,DSL,80.57,4259.09,No
CUST00371,Female,0,62,No,No,27.16,1312.48,No
CUST00372,Male,0,66,Yes,DSL,67.69,4815.68,No
CUST00373,Male,0,57,Yes,DSL,48.22,3095.1,No
CUST00374,Female,0,34,Yes,DSL,80.02,2969.28,No
CUST00375,Female,0,8,Yes,DSL,101.97,759.28,No
CUST00376,Male,0,11,Yes,No,60.42,696.13,No
CUST00377,Female,0,51,Yes,DSL,58.68,3391.85,No
CUST00378,Male,0,2,Yes,Fiber optic,103.99,195.13,Yes
CUST00379,Male,0,27,Yes,No,38.54,1214.96,No
CUST00380,Male,0,40,Yes,Fiber optic,21.57,631.81,No
CUST00381,Male,1,4,No,No,65.27,258.58,No
CUST00382,Female,0,25,Yes,Fiber optic,56.39,1609.11,Yes
CUST00383,Female,0,2,No,DSL,101.71,210.61,Yes
CUST00384,Female,0,54,Yes,DSL,61.6,3369.56,No
CUST00385,Male,1,4,No,DSL,60.13,208.22,No
CUST00386,Male,0,12,Yes,Fiber optic,73.2,812.54,No
CUST00387,Male,0,59,Yes,Fiber optic,82.8,4895.55,Yes
CUST00388,Male,0,6,No,DSL,91.05,600.77,No
CUST00389,Female,0,2,No,DSL,97.57,181.98,Yes
CUST00390,Female,0,37,No,No,92.72,3461.78,No
CUST00391,Male,0,22,No,DSL,47.12,1012.54,No
CUST00392,Male,1,1,Yes,DSL,92.9,102.47,No
CUST00393,Male,0,0,No,No,107.03,,No
CUST00394,Male,1,10,No,Fiber optic,86.96,882.14,No
CUST00395,Male,0,4,No,DSL,82.17,363.34,No
CUST00396,Female,1,9,No,Fiber optic,86.67,713.39,No
CUST00397,Male,0,7,No,No,107.56,790.26,Yes
CUST00398,Male,0,1,No,Fiber optic,67.42,,No
CUST00399,Male,1,8,No,DSL,99.61,868.96,Yes
CUST00400,Female,0,10,Yes,Fiber optic,77.49,783.33,Yes
CUST00401,Male,1,40,No,No,43.61,1832.87,No
CUST00402,Female,0,6,Yes,DSL,81.81,476.59,No
CUST00403,Male,0,68,Yes,Fiber optic,89.77,6532.89,No
CUST00404,Male,0,26,No,DSL,21.56,622.63,No
CUST00405,Male,1,5,Yes,Fiber optic,79.96,376.29,Yes
CUST00406,Female,1,68,Yes,Fiber optic,40.58,3338.44,No
CUST00407,Female,1,36,No,Fiber optic,31.11,1467.04,No
CUST00408,Male,0,36,Yes,DSL,57.74,2080.28,No
CUST00409,Male,0,0,Yes,No,99.69,,No
CUST00410,Male,0,0,No,No,70.19,,No
CUST00411,Female,0,53,Yes,Fiber optic,93.08,4506.05,No
CUST00412,Female,0,23,No,DSL,24.49,394.56,No
CUST00413,Female,0,5,Yes,No,78.35,368.96,Yes
CUST00414,Female,0,65,No,No,36.09,1854.24,No
CUST00415,Male,1,8,Yes,Fiber optic,65.77,569.02,No
CUST00416,Male,0,8,Yes,Fiber optic,78.08,584.18,Yes
CUST00417,Female,0,48,No,Fiber optic,70.24,3680.04,No
CUST00418,Male,0,67,Yes,DSL,67.99,3958.88,No
CUST00419,Female,0,6,No,No,86.36,561.55,Yes
CUST00420,Male,0,72,Yes,Fiber optic,33.62,2019.05,Yes
CUST00421,Female,0,29,Yes,DSL,69.49,,No
CUST00422,Female,0,24,Yes,DSL,79.6,2018.48,No
CUST00423,Male,0,48,Yes,DSL,80.61,4178.6,No
CUST00424,Male,1,12,Yes,Fiber optic,84.2,896.11,No
CUST00425,Male,0,64,Yes,DSL,27.35,1318.82,No
CUST00426,Female,0,54,No,Fiber optic,75.84,4429.53,No
CUST00427,Female,0,60,No,No,88.39,4855.92,No
CUST00428,Male,0,70,No,No,77.14,4844.55,No
CUST00429,Male,0,46,No,DSL,30.56,1502.3,No
CUST00430,Female,0,24,Yes,Fiber optic,48.46,1226.74,No
CUST00431,Female,0,29,No,Fiber optic,32.71,897.55,No
CUST00432,Female,0,8,Yes,DSL,88.12,,No
CUST00433,Female,0,4,Yes,Fiber optic,97.85,,Yes
CUST00434,Female,0,55,No,DSL,67.07,3548.0,No
CUST00435,Male,1,9,No,Fiber optic,69.06,548.57,Yes
CUST00436,Female,0,70,Yes,Fiber optic,98.76,6762.45,Yes
CUST00437,Female,1,27,No,Fiber optic,44.65,1265.07,No
CUST00438,Male,0,17,No,Fiber optic,23.72,312.03,No
CUST00439,Male,0,19,Yes,DSL,34.89,643.86,No
CUST00440,Male,0,24,No,Fiber optic,21.25,347.66,No
CUST00441,Female,0,12,Yes,DSL,55.87,746.36,No
CUST00442,Male,0,31,Yes,Fiber optic,98.89,2985.39,Yes
CUST00443,Female,1,50,No,DSL,90.38,4601.8,No
CUST00444,Female,0,20,Yes,Fiber optic,56.8,,No
CUST00445,Male,0,5,No,Fiber optic,61.86,334.73,Yes
CUST00446,Male,0,12,No,DSL,48.12,457.92,No
CUST00447,Male,1,16,Yes,Fiber optic,84.47,1191.55,No
CUST00448,Female,0,59,Yes,DSL,32.33,2211.46,No
CUST00449,Female,0,22,No,DSL,83.3,2014.53,No
CUST00450,Female,0,0,No,No,96.43,,Yes
CUST00451,Male,1,39,No,DSL,47.46,1733.33,Yes
CUST00452,Female,0,11,Yes,DSL,90.6,960.07,Yes
CUST00453,Female,0,11,No,No,92.2,906.48,Yes
CUST00454,Male,0,18,Yes,Fiber optic,79.87,1382.07,Yes
CUST00455,Female,0,67,No,DSL,30.43,2160.89,No
CUST00456,Male,0,11,No,DSL,105.09,1242.53,Yes
CUST00457,Male,0,54,Yes,Fiber optic,58.59,3392.49,No
CUST00458,Male,0,10,No,DSL,71.21,679.2,Yes
CUST00459,Male,1,3,Yes,No,93.98,257.88,No
CUST00460,Female,1,17,Yes,Fiber optic,40.12,812.32,No
CUST00461,Female,0,67,Yes,DSL,92.43,6189.14,No
CUST00462,Female,0,12,No,Fiber optic,98.13,1239.01,Yes
CUST00463,Female,0,53,No,Fiber optic,34.11,2296.79,Yes
CUST00464,Female,0,42,No,DSL,21.81,1200.36,No
CUST00465,Female,0,48,No,Fiber optic,29.5,1215.99,Yes
CUST00466,Male,0,10,Yes,No,82.93,912.16,No
CUST00467,Female,1,9,No,DSL,74.39,730.9,Yes
CUST00468,Female,0,49,Yes,Fiber optic,85.76,4094.95,Yes
CUST00469,Female,0,10,Yes,Fiber optic,88.91,845.43,No
CUST00470,Male,0,6,Yes,Fiber optic,98.67,590.17,Yes
CUST00471,Female,0,34,No,DSL,49.72,1527.53,No
CUST00472,Male,0,12,No,DSL,96.51,1089.96,No
CUST00473,Male,0,70,No,Fiber optic,21.94,2013.07,No
CUST00474,Male,1,38,Yes,DSL,36.68,1151.7,No
CUST00475,Male,0,50,Yes,Fiber optic,93.21,4228.87,No
CUST00476,Female,1,13,No,No,29.81,425.27,No
CUST00477,Female,0,11,Yes,DSL,75.61,809.92,No
CUST00478,Male,0,62,No,Fiber optic,71.8,5042.32,No
CUST00479,Female,0,0,No,DSL,68.22,,No
CUST00480,Female,0,69,No,DSL,95.57,6817.03,No
CUST00481,Female,0,2,Yes,DSL,60.47,125.65,No
CUST00482,Male,0,2,Yes,DSL,65.47,145.23,No
CUST00483,Male,0,70,No,Fiber optic,74.28,4550.47,No
CUST00484,Male,0,9,No,Fiber optic,89.22,841.97,Yes
CUST00485,Female,0,6,No,No,96.76,628.55,No
CUST00486,Female,1,6,Yes,Fiber optic,88.19,479.73,Yes
CUST00487,Female,0,48,Yes,Fiber optic,98.9,4380.75,Yes
CUST00488,Male,0,5,Yes,No,77.44,398.15,Yes
CUST00489,Female,0,72,Yes,Fiber optic,59.14,4480.61,Yes
CUST00490,Female,0,32,No,Fiber optic,64.73,1902.77,Yes
CUST00491,Male,1,7,No,No,107.76,776.07,No
CUST00492,Female,0,6,No,DSL,84.96,557.4,Yes
CUST00493,Female,0,24,Yes,Fiber optic,78.41,,No
CUST00494,Female,0,2,No,Fiber optic,81.84,149.39,Yes
CUST00495,Male,0,56,Yes,DSL,76.08,3810.39,No
CUST00496,Male,0,54,Yes,DSL,79.93,3908.14,No
CUST00497,Male,1,47,No,DSL,60.67,2921.68,Yes
CUST00498,Male,0,61,Yes,DSL,57.91,3327.48,No
CUST00499,Male,0,16,No,No,74.9,1205.27,No
CUST00500,Female,1,27,No,Fiber optic,42.19,959.3,Yes
CUST00501,Female,0,7,Yes,DSL,74.87,502.28,Yes
CUST00502,Male,0,30,No,DSL,97.35,2668.02,No
CUST00503,Female,1,0,Yes,Fiber optic,62.95,,No
CUST00504,Female,0,9,No,Fiber optic,102.71,959.02,No
CUST00505,Female,0,31,Yes,Fiber optic,39.74,1208.8,No
CUST00506,Female,0,7,Yes,Fiber optic,88.95,667.71,Yes
CUST00507,Female,0,9,No,Fiber optic,66.06,627.45,No
CUST00508,Male,0,33,Yes,Fiber optic,69.35,2468.16,No
CUST00509,Male,0,40,Yes,Fiber optic,67.76,2390.58,No
CUST00510,Male,0,10,Yes,DSL,102.55,947.66,Yes
CUST00511,Female,1,4,No,DSL,90.48,353.17,No
CUST00512,Male,0,8,No,DSL,89.83,785.71,Yes
CUST00513,Male,0,8,Yes,Fiber optic,90.93,768.16,Yes
CUST00514,Male,0,37,No,DSL,56.04,1788.95,No
CUST00515,Male,1,48,Yes,No,48.01,2307.49,No
CUST00516,Female,1,62,Yes,DSL,97.98,6616.53,No
CUST00517,Male,0,66,Yes,Fiber optic,88.81,,No
CUST00518,Male,0,30,Yes,DSL,26.26,525.85,No
CUST00519,Male,0,9,Yes,No,84.62,701.85,Yes
CUST00520,Female,1,8,No,DSL,64.93,571.36,No
CUST00521,Male,1,67,Yes,DSL,99.33,6406.91,No
CUST00522,Male,0,41,Yes,Fiber optic,21.12,607.84,No
CUST00523,Female,0,29,No,No,61.47,1973.05,No
CUST00524,Male,1,50,Yes,Fiber optic,21.38,1044.4,No
CUST00525,Female,0,64,Yes,Fiber optic,82.71,4762.24,No
CUST00526,Female,0,19,Yes,Fiber optic,24.84,398.4,No
CUST00527,Female,1,32,Yes,No,66.86,2194.15,No
CUST00528,Female,1,12,No,Fiber optic,57.29,784.68,No
CUST00529,Female,0,16,Yes,Fiber optic,60.9,979.22,No
CUST00530,Female,0,1,No,Fiber optic,83.15,82.45,No
CUST00531,Male,0,55,Yes,No,25.53,1787.88,No
CUST00532,Male,1,23,Yes,Fiber optic,28.06,793.23,Yes
CUST00533,Male,0,61,Yes,DSL,82.44,5131.51,No
CUST00534,Male,1,51,Yes,No,30.23,1142.83,No
CUST00535,Male,0,30,No,DSL,45.44,1168.96,No
CUST00536,Male,1,40,No,DSL,43.63,,No
CUST00537,Female,0,50,No,No,95.85,4818.47,No
CUST00538,Male,1,12,Yes,Fiber optic,62.6,846.81,No
CUST00539,Female,0,15,No,Fiber optic,40.67,503.94,No
CUST00540,Male,0,10,No,DSL,78.61,699.06,No
CUST00541,Male,0,8,Yes,Fiber optic,91.55,775.59,No
CUST00542,Male,0,66,No,No,41.66,2196.02,No
CUST00543,Male,0,11,Yes,Fiber optic,81.33,839.78,Yes
CUST00544,Male,1,37,No,DSL,41.01,1743.66,Yes
CUST00545,Male,0,9,No,No,83.69,803.07,Yes
CUST00546,Female,0,4,No,DSL,60.95,273.7,No
CUST00547,Female,1,52,Yes,DSL,65.22,3802.1,No
CUST00548,Female,0,0,Yes,No,109.89,,No
CUST00549,Female,0,7,Yes,DSL,96.46,698.94,Yes
CUST00550,Female,0,50,Yes,DSL,49.82,2480.49,No
CUST00551,Female,0,22,Yes,No,48.67,910.43,No
CUST00552,Female,0,9,No,DSL,82.42,831.43,No
CUST00553,Male,0,58,Yes,Fiber optic,62.79,3680.26,No
CUST00554,Female,0,64,Yes,DSL,24.03,2109.8,No
CUST00555,Male,0,39,No,DSL,50.82,2057.97,No
CUST00556,Female,0,12,Yes,DSL,40.78,511.1,No
CUST00557,Female,0,32,Yes,DSL,91.81,2976.32,No
CUST00558,Male,0,27,No,DSL,89.1,2443.03,No
CUST00559,Female,1,11,Yes,No,61.57,745.59,No
CUST00560,Male,0,45,Yes,Fiber optic,45.74,2421.82,Yes
CUST00561,Male,0,12,Yes,Fiber optic,91.43,1181.31,Yes
CUST00562,Male,0,54,No,DSL,77.7,4456.43,No
CUST00563,Male,0,51,Yes,DSL,50.39,3010.76,No
CUST00564,Female,0,5,No,DSL,76.73,,Yes
CUST00565,Female,0,30,Yes,No,25.81,582.21,No
CUST00566,Male,0,65,No,No,44.3,,No
CUST00567,Male,1,31,Yes,No,92.36,3048.54,No
CUST00568,Female,1,6,No,Fiber optic,93.24,562.28,No
CUST00569,Female,0,51,Yes,No,29.37,1212.53,No
CUST00570,Male,1,24,Yes,DSL,72.8,,No
CUST00571,Male,0,12,No,Fiber optic,40.31,429.12,No
CUST00572,Male,0,37,No,Fiber optic,24.68,1160.91,No
CUST00573,Male,0,29,No,DSL,97.52,2823.85,No
CUST00574,Female,0,4,No,No,104.22,425.47,Yes
CUST00575,Female,0,6,Yes,DSL,82.09,,Yes
CUST00576,Female,0,15,No,Fiber optic,98.59,1336.88,No
CUST00577,Male,1,47,Yes,Fiber optic,22.66,1339.78,No
CUST00578,Male,0,38,Yes,Fiber optic,24.07,,No
CUST00579,Female,0,6,No,DSL,69.68,373.51,No
CUST00580,Male,0,3,No,Fiber optic,101.63,287.57,Yes
CUST00581,Female,0,0,Yes,DSL,79.9,,Yes
CUST00582,Female,0,24,No,Fiber optic,77.25,1811.26,No
CUST00583,Male,0,0,No,DSL,82.59,,No
CUST00584,Female,1,55,No,No,55.49,3227.58,No
CUST00585,Female,0,9,No,Fiber optic,105.65,943.93,No
CUST00586,Female,0,12,No,Fiber optic,39.65,537.36,No
CUST00587,Male,0,9,No,Fiber optic,87.49,858.57,Yes
CUST00588,Female,1,70,Yes,Fiber optic,60.53,4015.17,No
CUST00589,Male,0,8,No,No,81.19,724.26,Yes
CUST00590,Female,0,12,Yes,DSL,67.15,824.26,No
CUST00591,Male,0,61,Yes,Fiber optic,72.93,4725.36,Yes
CUST00592,Male,0,48,No,No,26.85,1685.33,No
CUST00593,Male,1,32,Yes,DSL,96.34,3071.42,No
CUST00594,Female,0,3,Yes,Fiber optic,90.83,259.5,Yes
CUST00595,Male,0,33,Yes,Fiber optic,30.72,690.07,Yes
CUST00596,Male,1,48,No,DSL,45.97,2012.1,Yes
CUST00597,Male,0,37,Yes,DSL,99.06,3759.85,No
CUST00598,Male,0,44,Yes,DSL,39.43,1806.58,No
CUST00599,Female,0,51,No,Fiber optic,41.44,1980.19,No
CUST00600,Male,0,24,No,No,25.39,415.23,No
CUST00601,Male,0,12,Yes,Fiber optic,51.93,721.42,Yes
CUST00602,Male,0,19,Yes,No,44.72,949.04,No
CUST00603,Male,0,65,No,No,53.16,3564.55,No
CUST00604,Male,1,1,Yes,DSL,100.18,95.26,Yes
CUST00605,Female,0,1,No,Fiber optic,69.69,60.15,No
CUST00606,Male,0,4,No,DSL,83.36,310.55,Yes
CUST00607,Female,0,44,No,DSL,78.0,3111.34,No
CUST00608,Male,0,12,Yes,Fiber optic,39.97,524.68,No
CUST00609,Female,1,53,Yes,No,33.67,2190.35,No
CUST00610,Female,0,2,Yes,No,70.0,136.56,No
CUST00611,Female,0,6,Yes,DSL,77.3,501.66,No
CUST00612,Female,1,12,Yes,DSL,55.87,660.4,No
CUST00613,Female,0,62,No,No,74.98,4278.93,No
CUST00614,Male,1,17,No,DSL,32.81,645.47,No
CUST00615,Male,1,24,No,No,52.59,1052.49,No
CUST00616,Female,1,30,Yes,DSL,73.07,2238.36,No
CUST00617,Male,0,50,Yes,DSL,71.78,,No
CUST00618,Male,0,58,No,DSL,53.94,3365.44,No
CUST00619,Female,0,22,No,Fiber optic,68.79,1405.15,No
CUST00620,Female,1,8,Yes,DSL,93.02,751.1,Yes
CUST00621,Female,0,57,No,Fiber optic,38.77,2287.37,No
CUST00622,Male,0,67,No,DSL,43.62,2421.48,No
CUST00623,Female,0,8,Yes,DSL,79.57,638.85,No
CUST00624,Male,0,56,No,DSL,29.43,1783.06,No
CUST00625,Female,0,2,No,No,101.68,219.48,Yes
CUST00626,Male,0,25,Yes,DSL,27.83,499.73,No
CUST00627,Male,0,40,Yes,DSL,53.76,2153.99,No
CUST00628,Male,1,67,Yes,DSL,21.03,2016.94,No
CUST00629,Male,0,47,Yes,No,74.84,3324.37,No
CUST00630,Female,0,61,Yes,Fiber optic,31.5,2331.17,Yes
CUST00631,Male,0,34,No,No,27.38,812.02,No
CUST00632,Male,0,20,No,Fiber optic,33.65,824.29,Yes
CUST00633,Female,0,12,No,DSL,67.64,,No
CUST00634,Female,0,3,No,No,75.04,250.99,No
CUST00635,Male,0,29,Yes,Fiber optic,73.44,1908.33,No
CUST00636,Male,0,10,No,DSL,64.52,591.54,No
CUST00637,Female,0,25,No,Fiber optic,92.81,2529.98,Yes
CUST00638,Female,1,25,No,No,86.32,,No
CUST00639,Male,0,3,Yes,DSL,85.63,267.74,Yes
CUST00640,Male,0,1,Yes,Fiber optic,102.12,92.7,No
CUST00641,Female,0,6,No,DSL,62.98,369.03,No
CUST00642,Female,0,62,Yes,Fiber optic,87.77,5483.95,No
CUST00643,Female,0,8,Yes,DSL,93.87,680.21,Yes
CUST00644,Male,0,3,No,No,82.77,250.45,Yes
CUST00645,Male,0,47,Yes,Fiber optic,37.0,1706.18,No
CUST00646,Male,1,55,No,No,30.34,2073.86,No
CUST00647,Male,0,9,Yes,Fiber optic,83.2,832.74,No
CUST00648,Male,0,51,No,DSL,51.78,2979.81,No
CUST00649,Male,0,44,Yes,DSL,40.78,1490.01,No
CUST00650,Female,0,32,No,No,20.8,473.86,No
CUST00651,Male,0,10,No,DSL,105.03,959.49,Yes
CUST00652,Male,0,18,No,DSL,68.57,1320.62,No
CUST00653,Female,0,29,No,DSL,23.51,,No
CUST00654,Male,1,27,No,DSL,83.34,2268.91,No
CUST00655,Female,0,17,Yes,Fiber optic,20.44,294.29,No
CUST00656,Male,1,64,No,DSL,35.0,2154.1,No
CUST00657,Female,0,12,No,DSL,59.19,721.27,No
CUST00658,Male,0,24,No,Fiber optic,48.87,1110.91,No
CUST00659,Female,0,1,No,DSL,88.53,,No
CUST00660,Female,0,34,Yes,Fiber optic,55.12,1897.89,No
CUST00661,Male,1,43,Yes,No,86.3,3723.04,No
CUST00662,Female,1,2,No,Fiber optic,89.14,191.74,Yes
CUST00663,Male,1,21,No,Fiber optic,84.74,1737.42,No
CUST00664,Female,1,63,Yes,Fiber optic,49.5,3463.94,No
CUST00665,Male,0,59,No,Fiber optic,87.97,5304.1,Yes
CUST00666,Female,0,37,Yes,No,27.27,,No
CUST00667,Female,1,0,No,DSL,82.04,,Yes
CUST00668,Male,0,30,Yes,Fiber optic,35.22,824.49,No
CUST00669,Male,0,34,No,DSL,89.43,2716.07,No
CUST00670,Male,0,18,Yes,No,42.94,733.03,No
CUST00671,Female,0,36,No,DSL,56.31,2345.58,No
CUST00672,Male,1,18,No,Fiber optic,44.89,801.92,No
CUST00673,Male,1,31,Yes,DSL,41.13,1449.7,No
CUST00674,Female,0,46,Yes,DSL,69.44,3393.63,No
CUST00675,Male,0,11,Yes,No,77.97,952.31,Yes
CUST00676,Female,0,5,No,DSL,60.62,292.49,No
CUST00677,Male,0,64,No,Fiber optic,56.0,4182.37,No
CUST00678,Male,0,5,No,Fiber optic,99.91,533.44,Yes
CUST00679,Male,0,70,Yes,No,69.11,4855.44,No
CUST00680,Male,0,46,No,No,37.23,1919.2,No
CUST00681,Female,0,1,Yes,DSL,65.5,64.62,No
CUST00682,Female,0,6,Yes,Fiber optic,61.76,319.44,No
CUST00683,Female,0,7,Yes,No,103.83,732.83,Yes
CUST00684,Female,0,1,Yes,Fiber optic,96.56,,Yes
CUST00685,Female,0,27,Yes,Fiber optic,70.93,1827.21,No
CUST00686,Male,0,71,Yes,Fiber optic,43.91,3675.94,Yes
CUST00687,Male,0,6,No,No,90.51,531.8,Yes
CUST00688,Male,0,61,No,Fiber optic,68.84,4070.34,No
CUST00689,Male,0,47,No,DSL,58.7,2782.25,No
CUST00690,Male,0,9,Yes,Fiber optic,103.99,874.08,Yes
CUST00691,Female,1,11,No,DSL,90.82,889.1,Yes
CUST00692,Male,0,24,No,No,48.73,1314.59,No
CUST00693,Male,1,59,No,DSL,80.91,5114.52,No
CUST00694,Male,0,12,Yes,Fiber optic,71.47,913.83,No
CUST00695,Female,0,66,Yes,No,52.88,3726.89,No
CUST00696,Male,0,30,Yes,Fiber optic,66.5,1748.82,No
CUST00697,Male,0,35,No,Fiber optic,65.9,2236.59,No
CUST00698,Male,0,37,No,Fiber optic,41.0,1879.83,No
CUST00699,Female,1,9,No,Fiber optic,98.42,819.76,No
CUST00700,Male,0,72,No,DSL,67.94,5009.31,No
CUST00701,Male,0,66,Yes,No,95.59,5705.03,No
CUST00702,Female,0,40,Yes,No,96.33,3964.33,No
CUST00703,Female,0,22,Yes,DSL,43.65,1171.94,No
CUST00704,Female,0,48,Yes,Fiber optic,21.42,723.05,No
CUST00705,Male,0,9,Yes,No,67.29,589.12,No
CUST00706,Male,0,48,Yes,Fiber optic,31.74,1853.77,No
CUST00707,Female,0,3,No,Fiber optic,103.16,318.95,No
CUST00708,Male,0,12,No,Fiber optic,66.58,723.39,Yes
CUST00709,Male,0,55,No,No,35.63,1549.85,No
CUST00710,Female,0,70,Yes,DSL,54.49,4261.09,No
CUST00711,Male,0,3,Yes,Fiber optic,85.95,230.35,Yes
CUST00712,Female,0,1,Yes,No,90.92,98.63,Yes
CUST00713,Female,0,1,Yes,Fiber optic,81.97,82.29,Yes
CUST00714,Female,0,22,Yes,DSL,89.62,2133.72,No
CUST00715,Male,0,51,No,No,73.37,4028.75,No
CUST00716,Male,0,67,Yes,DSL,76.32,5675.76,No
CUST00717,Female,0,2,Yes,DSL,102.01,220.33,Yes
CUST00718,Male,0,61,Yes,Fiber optic,79.54,4718.22,No
CUST00719,Male,0,55,Yes,No,56.68,3635.05,No
CUST00720,Female,0,55,No,Fiber optic,41.8,2438.22,No
CUST00721,Female,0,26,No,Fiber optic,25.51,437.39,No
CUST00722,Female,0,17,No,Fiber optic,77.05,1271.3,Yes
CUST00723,Male,0,10,No,No,72.04,715.54,No
CUST00724,Male,0,59,No,Fiber optic,43.07,2588.25,Yes
CUST00725,Female,0,60,Yes,Fiber optic,90.85,4951.17,No
CUST00726,Female,0,58,No,Fiber optic,29.93,2274.86,Yes
CUST00727,Female,0,55,No,DSL,51.81,2532.23,No
CUST00728,Female,1,5,Yes,Fiber optic,64.97,328.26,No
CUST00729,Female,1,65,No,Fiber optic,25.68,2212.98,Yes
CUST00730,Female,0,44,Yes,DSL,28.75,1123.5,No
CUST00731,Male,0,58,No,DSL,50.76,,No
CUST00732,Female,1,0,No,Fiber optic,70.54,,Yes
CUST00733,Female,1,4,Yes,DSL,69.17,277.62,No
CUST00734,Male,0,29,Yes,DSL,76.78,2440.69,No
CUST00735,Female,0,7,Yes,DSL,106.74,777.02,Yes
CUST00736,Male,0,32,No,DSL,29.05,877.73,No
CUST00737,Female,0,8,Yes,DSL,70.42,602.6,No
CUST00738,Male,0,55,Yes,No,79.47,4701.51,No
CUST00739,Female,0,12,Yes,Fiber optic,52.3,601.2,No
CUST00740,Female,1,18,Yes,No,95.36,,No
CUST00741,Male,0,39,Yes,No,56.79,2558.27,No
CUST00742,Male,0,23,No,DSL,78.94,1868.78,No
CUST00743,Male,1,50,Yes,Fiber optic,93.14,,No
CUST00744,Male,1,62,Yes,DSL,36.05,2139.27,Yes
CUST00745,Female,0,38,Yes,No,76.87,2706.3,No
CUST00746,Female,0,7,Yes,Fiber optic,85.89,667.18,No
CUST00747,Male,0,4,No,Fiber optic,68.82,266.05,No
CUST00748,Female,0,30,Yes,Fiber optic,91.83,2936.57,No
CUST00749,Female,0,29,No,DSL,21.56,814.98,No
CUST00750,Male,0,12,No,DSL,65.48,841.39,No
CUST00751,Female,1,36,No,DSL,31.28,1394.65,No
CUST00752,Male,0,69,No,DSL,84.35,6332.28,No
CUST00753,Male,0,36,No,DSL,84.85,3300.66,No
CUST00754,Female,0,36,Yes,No,50.14,2094.26,No
CUST00755,Female,0,45,No,Fiber optic,57.34,2607.73,No
CUST00756,Female,1,10,Yes,Fiber optic,84.02,786.38,No
CUST00757,Male,0,18,Yes,DSL,92.58,1751.31,No
CUST00758,Male,0,8,No,DSL,106.91,,No
CUST00759,Male,0,38,Yes,Fiber optic,64.53,2213.62,No
CUST00760,Female,0,34,No,Fiber optic,82.23,3108.51,Yes
CUST00761,Male,1,17,Yes,DSL,86.22,1488.28,No
CUST00762,Female,0,2,No,DSL,67.74,155.27,No
CUST00763,Female,0,17,Yes,No,96.1,,No
CUST00764,Male,0,57,Yes,Fiber optic,47.36,2270.5,No
CUST00765,Male,0,12,Yes,No,99.42,1307.77,No
CUST00766,Male,0,50,No,No,86.57,4722.9,No
CUST00767,Female,0,5,Yes,DSL,84.07,382.64,Yes
CUST00768,Male,1,45,No,No,93.6,4390.58,No
CUST00769,Female,0,11,Yes,Fiber optic,66.25,734.41,Yes
CUST00770,Male,0,12,Yes,No,80.99,1053.24,No
CUST00771,Male,0,9,No,DSL,79.64,666.57,Yes
CUST00772,Female,0,25,Yes,No,74.12,2067.43,No
CUST00773,Female,1,2,Yes,Fiber optic,66.81,130.5,No
CUST00774,Male,0,12,Yes,Fiber optic,58.12,810.06,No
CUST00775,Male,0,47,No,No,47.34,2060.62,No
CUST00776,Male,0,19,No,No,66.71,,No
CUST00777,Female,0,22,No,Fiber optic,78.93,1568.72,No
CUST00778,Female,0,56,Yes,No,97.67,5243.08,No
CUST00779,Male,1,69,Yes,Fiber optic,99.72,6785.83,No
CUST00780,Male,0,63,Yes,DSL,47.63,3193.55,No
CUST00781,Male,0,17,Yes,Fiber optic,88.67,1422.64,Yes
CUST00782,Male,1,27,No,Fiber optic,64.39,1627.04,Yes
CUST00783,Female,1,8,Yes,Fiber optic,99.14,748.43,Yes
CUST00784,Male,0,42,No,DSL,57.36,2529.14,No
CUST00785,Female,0,54,Yes,Fiber optic,75.22,3946.25,No
CUST00786,Female,0,8,Yes,No,88.23,649.3,No
CUST00787,Female,0,9,Yes,DSL,109.97,1019.4,No
CUST00788,Female,0,23,No,DSL,89.0,1988.98,No
CUST00789,Male,1,51,Yes,DSL,31.61,1431.19,No
CUST00790,Male,1,46,Yes,Fiber optic,66.17,2698.36,Yes
CUST00791,Female,0,6,No,Fiber optic,68.45,410.07,No
CUST00792,Female,1,55,No,DSL,92.1,,No
CUST00793,Female,0,36,No,No,38.74,1640.32,No
CUST00794,Male,0,5,Yes,DSL,107.02,489.08,No
CUST00795,Female,0,65,No,DSL,44.4,3341.54,No
CUST00796,Female,0,57,No,Fiber optic,71.65,4594.33,No
CUST00797,Male,0,0,Yes,No,69.41,,No
CUST00798,Male,0,34,Yes,Fiber optic,72.46,2609.42,No
CUST00799,Male,0,44,Yes,Fiber optic,52.43,2324.44,Yes
CUST00800,Female,0,11,No,Fiber optic,75.4,771.61,Yes
CUST00801,Female,0,51,No,Fiber optic,41.45,1851.46,Yes
CUST00802,Female,0,13,Yes,No,91.86,1138.77,No
CUST00803,Male,0,12,No,DSL,53.48,567.47,No
CUST00804,Female,0,29,No,Fiber optic,38.81,1157.56,No
CUST00805,Male,0,26,Yes,Fiber optic,88.41,2065.12,No
CUST00806,Female,1,59,Yes,No,96.19,6039.42,No
CUST00807,Female,0,10,Yes,No,104.89,1059.97,Yes
CUST00808,Male,1,2,No,Fiber optic,92.55,176.38,Yes
CUST00809,Female,0,51,No,No,32.6,2163.1,No
CUST00810,Female,0,49,Yes,Fiber optic,50.25,2948.57,No
CUST00811,Male,1,12,Yes,Fiber optic,89.52,1118.35,No
CUST00812,Male,0,7,No,DSL,97.53,622.44,No
CUST00813,Male,0,3,No,Fiber optic,87.56,239.2,Yes
CUST00814,Female,1,9,No,No,89.55,757.56,Yes
CUST00815,Male,1,9,No,Fiber optic,108.47,959.12,No
CUST00816,Male,0,53,No,No,39.27,2559.84,No
CUST00817,Male,0,52,No,Fiber optic,60.7,3131.86,No
CUST00818,Female,0,6,Yes,Fiber optic,80.08,475.55,Yes
CUST00819,Male,1,12,Yes,No,28.85,408.37,No
CUST00820,Male,0,4,No,DSL,64.49,240.38,No
CUST00821,Female,1,42,Yes,DSL,37.31,1933.13,No
CUST00822,Female,1,11,Yes,Fiber optic,80.68,909.25,Yes
CUST00823,Female,0,13,Yes,No,68.89,821.66,No
CUST00824,Female,0,1,No,No,102.08,112.07,Yes
CUST00825,Female,0,9,No,Fiber optic,105.3,1028.2,Yes
CUST00826,Male,0,67,No,DSL,27.13,2343.96,No
CUST00827,Female,0,18,Yes,Fiber optic,42.29,717.71,Yes
CUST00828,Female,0,44,Yes,DSL,44.4,1759.0,No
CUST00829,Female,1,28,Yes,DSL,62.11,1865.83,No
CUST00830,Female,0,14,No,No,64.57,859.39,No
CUST00831,Female,0,3,Yes,DSL,105.85,294.09,Yes
CUST00832,Male,0,33,No,DSL,43.79,1265.23,No
CUST00833,Male,0,70,No,Fiber optic,72.51,5401.95,No
CUST00834,Male,0,8,No,Fiber optic,85.09,687.28,Yes
CUST00835,Male,0,4,No,DSL,72.16,324.8,Yes
CUST00836,Female,0,5,No,No,68.82,,No
CUST00837,Male,0,1,Yes,DSL,97.85,106.34,Yes
CUST00838,Female,0,0,Yes,DSL,93.95,,Yes
CUST00839,Female,0,69,Yes,Fiber optic,60.29,4574.38,No
CUST00840,Female,0,0,Yes,Fiber optic,93.39,,Yes
CUST00841,Female,0,10,No,No,99.5,983.35,No
CUST00842,Female,0,11,Yes,No,99.33,1033.23,No
CUST00843,Female,0,10,Yes,Fiber optic,81.81,,Yes
CUST00844,Female,1,3,No,DSL,105.48,322.01,No
CUST00845,Female,0,32,No,Fiber optic,65.75,1794.88,No
CUST00846,Male,0,20,Yes,DSL,32.62,688.03,No
CUST00847,Female,0,8,Yes,DSL,92.69,736.04,No
CUST00848,Female,0,12,No,DSL,25.99,393.07,No
CUST00849,Male,0,9,Yes,Fiber optic,109.81,899.33,Yes
CUST00850,Male,1,69,No,Fiber optic,71.98,5365.87,Yes
CUST00851,Female,0,4,Yes,No,108.58,,No
CUST00852,Male,0,9,No,DSL,93.56,847.35,No
CUST00853,Female,0,52,No,Fiber optic,65.56,3466.23,No
CUST00854,Female,0,7,Yes,DSL,95.6,632.2,No
CUST00855,Female,0,55,Yes,DSL,90.93,5303.51,No
CUST00856,Male,0,3,Yes,No,101.02,309.13,No
CUST00857,Male,1,32,No,DSL,32.5,1334.16,Yes
CUST00858,Male,1,55,No,Fiber optic,74.48,4294.65,No
CUST00859,Female,0,26,No,DSL,39.21,764.13,No
CUST00860,Male,0,28,No,DSL,68.74,2152.09,No
CUST00861,Male,0,27,Yes,Fiber optic,96.46,2852.76,Yes
CUST00862,Male,0,11,Yes,Fiber optic,78.13,758.01,Yes
CUST00863,Female,1,31,No,Fiber optic,37.01,1164.5,No
CUST00864,Male,0,50,No,DSL,85.27,4348.01,No
CUST00865,Female,0,11,No,DSL,73.71,920.16,Yes
CUST00866,Female,0,6,Yes,No,70.16,456.68,Yes
CUST00867,Female,0,1,Yes,Fiber optic,76.9,77.87,No
CUST00868,Female,0,5,Yes,DSL,87.6,439.63,Yes
CUST00869,Female,0,4,Yes,Fiber optic,66.08,234.93,No
CUST00870,Female,0,70,Yes,Fiber optic,24.55,1240.14,No
CUST00871,Male,1,35,Yes,No,61.4,2359.66,No
CUST00872,Male,0,41,No,Fiber optic,85.15,3573.38,No
CUST00873,Female,1,6,No,Fiber optic,102.5,,Yes
CUST00874,Male,0,23,No,Fiber optic,74.38,1871.14,Yes
CUST00875,Male,0,44,No,Fiber optic,28.51,1651.64,No
CUST00876,Female,0,25,Yes,DSL,32.35,1044.68,No
CUST00877,Female,0,12,Yes,Fiber optic,78.73,845.18,Yes
CUST00878,Male,0,55,Yes,Fiber optic,96.78,5479.23,No
CUST00879,Male,1,37,No,DSL,78.35,2838.5,No
CUST00880,Male,0,4,No,Fiber optic,100.87,433.48,Yes
CUST00881,Male,0,58,Yes,Fiber optic,94.82,5240.43,No
CUST00882,Male,1,43,No,DSL,34.88,1113.69,No
CUST00883,Male,0,58,Yes,DSL,81.57,4904.7,No
CUST00884,Male,1,11,No,DSL,83.47,864.8,No
CUST00885,Male,0,2,No,DSL,66.21,113.98,No
CUST00886,Female,1,19,No,No,28.52,724.97,Yes
CUST00887,Male,0,37,Yes,Fiber optic,77.33,2960.91,No
CUST00888,Male,1,62,Yes,Fiber optic,53.11,2749.1,No
CUST00889,Female,0,64,Yes,Fiber optic,65.12,3934.88,No
CUST00890,Male,0,51,Yes,Fiber optic,74.58,3306.0,No
CUST00891,Male,0,30,Yes,DSL,54.61,1874.64,No
CUST00892,Male,0,12,No,Fiber optic,84.34,975.99,Yes
CUST00893,Female,0,40,Yes,Fiber optic,87.61,,No
CUST00894,Female,0,25,No,Fiber optic,60.46,1614.03,No
CUST00895,Female,0,29,No,Fiber optic,78.49,2335.89,Yes
CUST00896,Male,1,58,No,Fiber optic,43.58,2938.0,No
CUST00897,Female,1,53,Yes,DSL,31.04,,No
CUST00898,Male,0,69,Yes,DSL,83.48,5168.27,No
CUST00899,Female,0,58,Yes,DSL,35.61,1532.68,No
CUST00900,Male,0,24,Yes,DSL,69.87,1608.07,No
CUST00901,Male,0,1,Yes,DSL,76.68,66.7,Yes
CUST00902,Female,0,12,No,DSL,22.35,189.6,No
CUST00903,Female,0,37,Yes,DSL,47.41,1543.92,No
CUST00904,Male,0,4,No,Fiber optic,91.77,,Yes
CUST00905,Male,1,66,No,Fiber optic,23.28,995.05,No
CUST00906,Female,0,53,No,DSL,82.94,4500.77,No
CUST00907,Male,0,8,No,Fiber optic,104.02,889.6,Yes
CUST00908,Female,1,10,No,No,83.79,911.41,No
CUST00909,Female,0,43,Yes,No,50.54,1822.46,No
CUST00910,Female,0,10,No,DSL,93.54,882.55,No
CUST00911,Male,0,16,Yes,Fiber optic,57.02,807.09,No
CUST00912,Male,0,62,No,Fiber optic,69.71,3924.18,No
CUST00913,Female,0,9,No,No,89.79,881.23,Yes
CUST00914,Male,0,23,No,No,86.49,2187.16,No
CUST00915,Male,0,2,No,Fiber optic,98.39,191.33,Yes
CUST00916,Male,0,34,No,No,22.8,929.14,No
CUST00917,Female,1,3,No,DSL,98.01,320.85,No
CUST00918,Female,0,30,No,Fiber optic,75.18,2201.09,No
CUST00919,Female,0,63,Yes,No,58.25,4214.05,No
CUST00920,Female,0,67,Yes,No,66.52,4172.95,No
CUST00921,Male,0,48,No,DSL,53.01,2656.84,No
CUST00922,Female,0,55,Yes,Fiber optic,55.2,,No
CUST00923,Female,0,17,Yes,DSL,34.52,604.81,No
CUST00924,Female,0,55,No,Fiber optic,60.76,2902.63,No
CUST00925,Female,0,20,No,Fiber optic,30.05,549.17,No
CUST00926,Female,1,5,No,DSL,85.8,440.87,Yes
CUST00927,Male,0,16,Yes,DSL,78.55,1368.58,No
CUST00928,Male,1,4,No,Fiber optic,82.03,305.37,Yes
CUST00929,Female,0,58,Yes,Fiber optic,68.04,4473.54,No
CUST00930,Female,0,21,Yes,DSL,25.47,591.86,No
CUST00931,Male,1,6,Yes,Fiber optic,90.6,498.12,Yes
CUST00932,Female,0,4,Yes,DSL,72.89,253.87,Yes
CUST00933,Male,1,29,No,Fiber optic,98.49,3121.86,No
CUST00934,Male,0,1,No,Fiber optic,81.8,81.53,No
CUST00935,Male,1,41,No,Fiber optic,26.86,1162.37,Yes
CUST00936,Female,0,8,No,DSL,109.27,832.9,Yes
CUST00937,Male,0,22,Yes,Fiber optic,81.39,1658.77,No
CUST00938,Male,0,10,Yes,DSL,61.06,649.67,No
CUST00939,Male,0,56,Yes,DSL,83.78,4435.24,No
CUST00940,Male,0,12,Yes,DSL,82.8,883.67,No
CUST00941,Female,0,64,Yes,Fiber optic,74.41,4304.18,No
CUST00942,Female,0,32,No,Fiber optic,54.71,1578.33,No
CUST00943,Female,0,44,No,Fiber optic,95.4,4424.88,Yes
CUST00944,Female,0,7,No,Fiber optic,79.47,502.61,No
CUST00945,Female,0,0,Yes,Fiber optic,90.7,,Yes
CUST00946,Male,0,55,Yes,Fiber optic,83.41,4418.85,Yes
CUST00947,Female,1,27,Yes,Fiber optic,48.16,1059.13,No
CUST00948,Female,0,35,Yes,Fiber optic,39.5,1706.31,No
CUST00949,Male,1,68,No,Fiber optic,78.69,5076.82,Yes
CUST00950,Male,0,12,No,Fiber optic,79.44,991.84,No
CUST00951,Female,0,1,No,Fiber optic,69.27,77.14,No
CUST00952,Female,0,1,Yes,DSL,72.44,77.18,Yes
CUST00953,Female,0,72,No,Fiber optic,73.85,5288.74,No
CUST00954,Male,0,35,No,DSL,40.85,1207.47,No
CUST00955,Female,0,25,No,DSL,47.95,1191.21,No
CUST00956,Female,0,16,Yes,No,56.49,751.42,No
CUST00957,Female,0,8,No,DSL,85.01,660.6,Yes
CUST00958,Female,0,4,No,No,106.89,449.02,No
CUST00959,Male,0,3,Yes,No,67.17,211.4,No
CUST00960,Female,0,66,Yes,No,45.66,3466.93,No
CUST00961,Female,0,17,Yes,Fiber optic,30.8,565.1,No
CUST00962,Female,0,48,Yes,No,30.85,1213.1,No
CUST00963,Male,1,51,No,DSL,49.58,2199.91,No
CUST00964,Male,0,47,Yes,DSL,23.18,1333.8,No
CUST00965,Female,0,7,No,Fiber optic,74.01,459.1,No
CUST00966,Female,0,12,No,No,68.63,892.28,No
CUST00967,Female,0,3,No,Fiber optic,61.09,181.34,No
CUST00968,Male,0,2,No,DSL,99.68,,Yes
CUST00969,Male,0,12,No,Fiber optic,88.41,1080.63,No
CUST00970,Female,0,35,No,DSL,46.12,1328.76,No
CUST00971,Male,0,42,Yes,Fiber optic,44.44,1558.77,No
CUST00972,Male,0,17,No,Fiber optic,57.47,1130.59,Yes
CUST00973,Male,0,7,No,DSL,74.52,540.17,No
CUST00974,Female,1,55,No,DSL,67.86,3384.2,No
CUST00975,Male,0,8,Yes,Fiber optic,64.24,451.49,No
CUST00976,Male,1,14,No,Fiber optic,36.96,573.17,No
CUST00977,Female,0,10,Yes,Fiber optic,97.34,974.2,No
CUST00978,Female,0,72,No,DSL,29.07,2115.95,No
CUST00979,Male,0,4,No,Fiber optic,66.28,240.72,No
CUST00980,Female,0,50,Yes,Fiber optic,83.4,4445.27,Yes
CUST00981,Female,0,7,No,Fiber optic,70.09,475.71,No
CUST00982,Female,0,2,No,Fiber optic,79.62,154.28,Yes
CUST00983,Male,0,30,Yes,No,95.16,2695.87,No
CUST00984,Female,0,50,Yes,Fiber optic,47.8,2632.91,No
CUST00985,Female,0,56,No,Fiber optic,53.54,2477.37,No
CUST00986,Male,1,15,Yes,DSL,87.73,1390.09,No
CUST00987,Female,0,51,No,Fiber optic,78.22,,No
CUST00988,Female,0,9,Yes,DSL,62.59,649.13,No
CUST00989,Female,0,3,No,DSL,78.72,262.27,No
CUST00990,Female,0,28,No,DSL,32.34,887.18,No
CUST00991,Male,0,23,No,Fiber optic,61.11,1263.35,No
CUST00992,Female,0,12,Yes,Fiber optic,58.14,817.07,Yes
CUST00993,Female,0,66,Yes,Fiber optic,65.27,4055.68,Yes
CUST00994,Female,0,23,No,No,39.64,892.82,No
CUST00995,Male,0,3,No,No,100.99,324.88,Yes
CUST00996,Female,0,70,Yes,Fiber optic,84.36,5769.78,Yes
CUST00997,Male,0,46,No,Fiber optic,61.38,,No
CUST00998,Female,0,7,No,Fiber optic,83.77,633.92,No
CUST00999,Male,0,44,Yes,No,35.93,1857.75,No
CUST01000,Female,0,7,No,DSL,83.42,600.19,Yes
